MassiveID	filename	SampleType	SampleTypeSub1	NCBITaxonomy	YearOfAnalysis	SampleCollectionMethod	SampleExtractionMethod	InternalStandardsUsed	MassSpectrometer	IonizationSourceAndPolarity	ChromatographyAndPhase	SubjectIdentifierAsRecorded	AgeInYears	BiologicalSex	UBERONBodyPartName	TermsofPosition	HealthStatus	DOIDCommonName	ComorbidityListDOIDIndex	SampleCollectionDateandTime	Country	HumanPopulationDensity	LatitudeandLongitude	DepthorAltitudeMeters	UniqueSubjectID	LifeStage	UBERONOntologyIndex	DOIDOntologyIndex	Flag_Number	Pool_region	Depth_Substrate_Sampling	Corresponding_DOM_Site	Spot_in_Site_for_Coring	ATTRIBUTE_Location 	ATTRIBUTE_linked_DOM_sample_number	DOM_Filter_LOT_number
MSV000083729	Stromatolite_Tissue_1_pos.mzXML	environmental	marine_cyanobacteria_insitu	not specified	2019	solid material, dried	methanol (100%)	none	Q Exactive|MS:1001911	electrospray ionization (positive)	reverse phase (C18)	S1-Core-1A-Fri-low	not applicable	not applicable	not applicable	not applicable	not applicable	not applicable	not applicable	2018-11-09	South Africa	Urban	-34.041176; 25.538640	0	MSV000083729_S1-Core-1A-Fri-low	not applicable	not applicable	not applicable	1	Inflow	Core-top	1	1	Schoenmakerskop	S1-DOM-1-Fri-low	6409030-04
MSV000083729	Stromatolite_Tissue_2_pos.mzXML	environmental	marine_cyanobacteria_insitu	not specified	2019	solid material, dried	methanol (100%)	none	Q Exactive|MS:1001912	electrospray ionization (positive)	reverse phase (C18)	S1-Core-1B-Fri-low	not applicable	not applicable	not applicable	not applicable	not applicable	not applicable	not applicable	2018-11-09	South Africa	Urban	-34.041176; 25.538640	0	MSV000083729_S1-Core-1B-Fri-low	not applicable	not applicable	not applicable	1	Inflow	Core-middle	1	1	Schoenmakerskop	S1-DOM-1-Fri-low	6409030-04
MSV000083729	Stromatolite_Tissue_3_pos.mzXML	environmental	marine_cyanobacteria_insitu	not specified	2019	solid material, dried	methanol (100%)	none	Q Exactive|MS:1001913	electrospray ionization (positive)	reverse phase (C18)	S1-Core-1C-Fri-low	not applicable	not applicable	not applicable	not applicable	not applicable	not applicable	not applicable	2018-11-09	South Africa	Urban	-34.041176; 25.538640	0	MSV000083729_S1-Core-1C-Fri-low	not applicable	not applicable	not applicable	1	Inflow	Core-bottom	1	1	Schoenmakerskop	S1-DOM-1-Fri-low	6409030-04
MSV000083729	Stromatolite_Tissue_4_pos.mzXML	environmental	marine_cyanobacteria_insitu	not specified	2019	solid material, dried	methanol (100%)	none	Q Exactive|MS:1001914	electrospray ionization (positive)	reverse phase (C18)	S1-Core-2A-Fri-low	not applicable	not applicable	not applicable	not applicable	not applicable	not applicable	not applicable	2018-11-09	South Africa	Urban	-34.041176; 25.538640	0	MSV000083729_S1-Core-2A-Fri-low	not applicable	not applicable	not applicable	1	Inflow	Core-top	1	2	Schoenmakerskop	S1-DOM-1-Fri-low	6409030-04
MSV000083729	Stromatolite_Tissue_5_pos.mzXML	environmental	marine_cyanobacteria_insitu	not specified	2019	solid material, dried	methanol (100%)	none	Q Exactive|MS:1001915	electrospray ionization (positive)	reverse phase (C18)	S1-Core-2B-Fri-low	not applicable	not applicable	not applicable	not applicable	not applicable	not applicable	not applicable	2018-11-09	South Africa	Urban	-34.041176; 25.538640	0	MSV000083729_S1-Core-2B-Fri-low	not applicable	not applicable	not applicable	1	Inflow	Core-middle	1	2	Schoenmakerskop	S1-DOM-1-Fri-low	6409030-04
MSV000083729	Stromatolite_Tissue_6_pos.mzXML	environmental	marine_cyanobacteria_insitu	not specified	2019	solid material, dried	methanol (100%)	none	Q Exactive|MS:1001916	electrospray ionization (positive)	reverse phase (C18)	S1-Core-2C-Fri-low	not applicable	not applicable	not applicable	not applicable	not applicable	not applicable	not applicable	2018-11-09	South Africa	Urban	-34.041176; 25.538640	0	MSV000083729_S1-Core-2C-Fri-low	not applicable	not applicable	not applicable	1	Inflow	Core-bottom	1	2	Schoenmakerskop	S1-DOM-1-Fri-low	6409030-04
MSV000083729	Stromatolite_Tissue_7_pos.mzXML	environmental	marine_cyanobacteria_insitu	not specified	2019	solid material, dried	methanol (100%)	none	Q Exactive|MS:1001917	electrospray ionization (positive)	reverse phase (C18)	S1-Core-1A-Sat-low	not applicable	not applicable	not applicable	not applicable	not applicable	not applicable	not applicable	2018-11-10	South Africa	Urban	-34.041176; 25.538640	0	MSV000083729_S1-Core-1A-Sat-low	not applicable	not applicable	not applicable	1	Inflow	Core-top	1	3	Schoenmakerskop	S1-DOM-1-Sat-low	6409030-04
MSV000083729	Stromatolite_Tissue_8_pos.mzXML	environmental	marine_cyanobacteria_insitu	not specified	2019	solid material, dried	methanol (100%)	none	Q Exactive|MS:1001918	electrospray ionization (positive)	reverse phase (C18)	S1-Core-1B-Sat-low	not applicable	not applicable	not applicable	not applicable	not applicable	not applicable	not applicable	2018-11-10	South Africa	Urban	-34.041176; 25.538640	0	MSV000083729_S1-Core-1B-Sat-low	not applicable	not applicable	not applicable	1	Inflow	Core-middle	1	3	Schoenmakerskop	S1-DOM-1-Sat-low	6409030-04
MSV000083729	Stromatolite_Tissue_9_pos.mzXML	environmental	marine_cyanobacteria_insitu	not specified	2019	solid material, dried	methanol (100%)	none	Q Exactive|MS:1001919	electrospray ionization (positive)	reverse phase (C18)	S1-Core-1C-Sat-low	not applicable	not applicable	not applicable	not applicable	not applicable	not applicable	not applicable	2018-11-10	South Africa	Urban	-34.041176; 25.538640	0	MSV000083729_S1-Core-1C-Sat-low	not applicable	not applicable	not applicable	1	Inflow	Core-bottom	1	3	Schoenmakerskop	S1-DOM-1-Sat-low	6409030-04
MSV000083729	Stromatolite_Tissue_10_pos.mzXML	environmental	marine_cyanobacteria_insitu	not specified	2019	solid material, dried	methanol (100%)	none	Q Exactive|MS:1001920	electrospray ionization (positive)	reverse phase (C18)	S1-Core-2A-Sat-low	not applicable	not applicable	not applicable	not applicable	not applicable	not applicable	not applicable	2018-11-10	South Africa	Urban	-34.041176; 25.538640	0	MSV000083729_S1-Core-2A-Sat-low	not applicable	not applicable	not applicable	1	Inflow	Core-top	1	4	Schoenmakerskop	S1-DOM-1-Sat-low	6409030-04
MSV000083729	Stromatolite_Tissue_11_pos.mzXML	environmental	marine_cyanobacteria_insitu	not specified	2019	solid material, dried	methanol (100%)	none	Q Exactive|MS:1001921	electrospray ionization (positive)	reverse phase (C18)	S1-Core-2B-Sat-low	not applicable	not applicable	not applicable	not applicable	not applicable	not applicable	not applicable	2018-11-10	South Africa	Urban	-34.041176; 25.538640	0	MSV000083729_S1-Core-2B-Sat-low	not applicable	not applicable	not applicable	1	Inflow	Core-middle	1	4	Schoenmakerskop	S1-DOM-1-Sat-low	6409030-04
MSV000083729	Stromatolite_Tissue_12_pos.mzXML	environmental	marine_cyanobacteria_insitu	not specified	2019	solid material, dried	methanol (100%)	none	Q Exactive|MS:1001922	electrospray ionization (positive)	reverse phase (C18)	S1-Core-2C-Sat-low	not applicable	not applicable	not applicable	not applicable	not applicable	not applicable	not applicable	2018-11-10	South Africa	Urban	-34.041176; 25.538640	0	MSV000083729_S1-Core-2C-Sat-low	not applicable	not applicable	not applicable	1	Inflow	Core-bottom	1	4	Schoenmakerskop	S1-DOM-1-Sat-low	6409030-04
MSV000083729	Stromatolite_Tissue_13_pos.mzXML	environmental	marine_cyanobacteria_insitu	not specified	2019	solid material, dried	methanol (100%)	none	Q Exactive|MS:1001923	electrospray ionization (positive)	reverse phase (C18)	S2-Core-1A-Fri-low	not applicable	not applicable	not applicable	not applicable	not applicable	not applicable	not applicable	2018-11-09	South Africa	Urban	-34.041176; 25.538640	0	MSV000083729_S2-Core-1A-Fri-low	not applicable	not applicable	not applicable	2	Inflow	Core-top	2	1	Schoenmakerskop	S2-DOM-1-Fri-low	6409030-04
MSV000083729	Stromatolite_Tissue_14_pos.mzXML	environmental	marine_cyanobacteria_insitu	not specified	2019	solid material, dried	methanol (100%)	none	Q Exactive|MS:1001924	electrospray ionization (positive)	reverse phase (C18)	S2-Core-1B-Fri-low	not applicable	not applicable	not applicable	not applicable	not applicable	not applicable	not applicable	2018-11-09	South Africa	Urban	-34.041176; 25.538640	0	MSV000083729_S2-Core-1B-Fri-low	not applicable	not applicable	not applicable	2	Inflow	Core-middle	2	1	Schoenmakerskop	S2-DOM-1-Fri-low	6409030-04
MSV000083729	Stromatolite_Tissue_15_pos.mzXML	environmental	marine_cyanobacteria_insitu	not specified	2019	solid material, dried	methanol (100%)	none	Q Exactive|MS:1001925	electrospray ionization (positive)	reverse phase (C18)	S2-Core-1C-Fri-low	not applicable	not applicable	not applicable	not applicable	not applicable	not applicable	not applicable	2018-11-09	South Africa	Urban	-34.041176; 25.538640	0	MSV000083729_S2-Core-1C-Fri-low	not applicable	not applicable	not applicable	2	Inflow	Core-bottom	2	1	Schoenmakerskop	S2-DOM-1-Fri-low	6409030-04
MSV000083729	Stromatolite_Tissue_16_pos.mzXML	environmental	marine_cyanobacteria_insitu	not specified	2019	solid material, dried	methanol (100%)	none	Q Exactive|MS:1001926	electrospray ionization (positive)	reverse phase (C18)	S2-Core-2A-Fri-low	not applicable	not applicable	not applicable	not applicable	not applicable	not applicable	not applicable	2018-11-09	South Africa	Urban	-34.041176; 25.538640	0	MSV000083729_S2-Core-2A-Fri-low	not applicable	not applicable	not applicable	2	Inflow	Core-top	2	2	Schoenmakerskop	S2-DOM-1-Fri-low	6409030-04
MSV000083729	Stromatolite_Tissue_17_pos.mzXML	environmental	marine_cyanobacteria_insitu	not specified	2019	solid material, dried	methanol (100%)	none	Q Exactive|MS:1001927	electrospray ionization (positive)	reverse phase (C18)	S2-Core-2B-Fri-low	not applicable	not applicable	not applicable	not applicable	not applicable	not applicable	not applicable	2018-11-09	South Africa	Urban	-34.041176; 25.538640	0	MSV000083729_S2-Core-2B-Fri-low	not applicable	not applicable	not applicable	2	Inflow	Core-middle	2	2	Schoenmakerskop	S2-DOM-1-Fri-low	6409030-04
MSV000083729	Stromatolite_Tissue_18_pos.mzXML	environmental	marine_cyanobacteria_insitu	not specified	2019	solid material, dried	methanol (100%)	none	Q Exactive|MS:1001928	electrospray ionization (positive)	reverse phase (C18)	S2-Core-2C-Fri-low	not applicable	not applicable	not applicable	not applicable	not applicable	not applicable	not applicable	2018-11-09	South Africa	Urban	-34.041176; 25.538640	0	MSV000083729_S2-Core-2C-Fri-low	not applicable	not applicable	not applicable	2	Inflow	Core-bottom	2	2	Schoenmakerskop	S2-DOM-1-Fri-low	6409030-04
MSV000083729	Stromatolite_Tissue_19_pos.mzXML	environmental	marine_cyanobacteria_insitu	not specified	2019	solid material, dried	methanol (100%)	none	Q Exactive|MS:1001929	electrospray ionization (positive)	reverse phase (C18)	S2-Core-1A-Sat-low	not applicable	not applicable	not applicable	not applicable	not applicable	not applicable	not applicable	2018-11-10	South Africa	Urban	-34.041176; 25.538640	0	MSV000083729_S2-Core-1A-Sat-low	not applicable	not applicable	not applicable	2	Inflow	Core-top	2	3	Schoenmakerskop	S2-DOM-1-Sat-low	6409030-04
MSV000083729	Stromatolite_Tissue_20_pos.mzXML	environmental	marine_cyanobacteria_insitu	not specified	2019	solid material, dried	methanol (100%)	none	Q Exactive|MS:1001930	electrospray ionization (positive)	reverse phase (C18)	S2-Core-1B-Sat-low	not applicable	not applicable	not applicable	not applicable	not applicable	not applicable	not applicable	2018-11-10	South Africa	Urban	-34.041176; 25.538640	0	MSV000083729_S2-Core-1B-Sat-low	not applicable	not applicable	not applicable	2	Inflow	Core-middle	2	3	Schoenmakerskop	S2-DOM-1-Sat-low	6409030-04
MSV000083729	Stromatolite_Tissue_21_pos.mzXML	environmental	marine_cyanobacteria_insitu	not specified	2019	solid material, dried	methanol (100%)	none	Q Exactive|MS:1001931	electrospray ionization (positive)	reverse phase (C18)	S2-Core-1C-Sat-low	not applicable	not applicable	not applicable	not applicable	not applicable	not applicable	not applicable	2018-11-10	South Africa	Urban	-34.041176; 25.538640	0	MSV000083729_S2-Core-1C-Sat-low	not applicable	not applicable	not applicable	2	Inflow	Core-bottom	2	3	Schoenmakerskop	S2-DOM-1-Sat-low	6409030-04
MSV000083729	Stromatolite_Tissue_22_pos.mzXML	environmental	marine_cyanobacteria_insitu	not specified	2019	solid material, dried	methanol (100%)	none	Q Exactive|MS:1001932	electrospray ionization (positive)	reverse phase (C18)	S2-Core-2A-Sat-low	not applicable	not applicable	not applicable	not applicable	not applicable	not applicable	not applicable	2018-11-10	South Africa	Urban	-34.041176; 25.538640	0	MSV000083729_S2-Core-2A-Sat-low	not applicable	not applicable	not applicable	2	Inflow	Core-top	2	4	Schoenmakerskop	S2-DOM-1-Sat-low	6409030-04
MSV000083729	Stromatolite_Tissue_23_pos.mzXML	environmental	marine_cyanobacteria_insitu	not specified	2019	solid material, dried	methanol (100%)	none	Q Exactive|MS:1001933	electrospray ionization (positive)	reverse phase (C18)	S2-Core-2B-Sat-low	not applicable	not applicable	not applicable	not applicable	not applicable	not applicable	not applicable	2018-11-10	South Africa	Urban	-34.041176; 25.538640	0	MSV000083729_S2-Core-2B-Sat-low	not applicable	not applicable	not applicable	2	Inflow	Core-middle	2	4	Schoenmakerskop	S2-DOM-1-Sat-low	6409030-04
MSV000083729	Stromatolite_Tissue_24_pos.mzXML	environmental	marine_cyanobacteria_insitu	not specified	2019	solid material, dried	methanol (100%)	none	Q Exactive|MS:1001934	electrospray ionization (positive)	reverse phase (C18)	S2-Core-2C-Sat-low	not applicable	not applicable	not applicable	not applicable	not applicable	not applicable	not applicable	2018-11-10	South Africa	Urban	-34.041176; 25.538640	0	MSV000083729_S2-Core-2C-Sat-low	not applicable	not applicable	not applicable	2	Inflow	Core-bottom	2	4	Schoenmakerskop	S2-DOM-1-Sat-low	6409030-04
MSV000083729	Stromatolite_Tissue_25_pos.mzXML	environmental	marine_cyanobacteria_insitu	not specified	2019	solid material, dried	methanol (100%)	none	Q Exactive|MS:1001935	electrospray ionization (positive)	reverse phase (C18)	S3-Core-1A-Fri-low	not applicable	not applicable	not applicable	not applicable	not applicable	not applicable	not applicable	2018-11-09	South Africa	Urban	-34.041176; 25.538640	0	MSV000083729_S3-Core-1A-Fri-low	not applicable	not applicable	not applicable	3	Middle	Core-top	3	1	Schoenmakerskop	S3-DOM-1-Fri-low	6409030-04
MSV000083729	Stromatolite_Tissue_26_pos.mzXML	environmental	marine_cyanobacteria_insitu	not specified	2019	solid material, dried	methanol (100%)	none	Q Exactive|MS:1001936	electrospray ionization (positive)	reverse phase (C18)	S3-Core-1B-Fri-low	not applicable	not applicable	not applicable	not applicable	not applicable	not applicable	not applicable	2018-11-09	South Africa	Urban	-34.041176; 25.538640	0	MSV000083729_S3-Core-1B-Fri-low	not applicable	not applicable	not applicable	3	Middle	Core-middle	3	1	Schoenmakerskop	S3-DOM-1-Fri-low	6409030-04
MSV000083729	Stromatolite_Tissue_27_pos.mzXML	environmental	marine_cyanobacteria_insitu	not specified	2019	solid material, dried	methanol (100%)	none	Q Exactive|MS:1001937	electrospray ionization (positive)	reverse phase (C18)	S3-Core-1C-Fri-low	not applicable	not applicable	not applicable	not applicable	not applicable	not applicable	not applicable	2018-11-09	South Africa	Urban	-34.041176; 25.538640	0	MSV000083729_S3-Core-1C-Fri-low	not applicable	not applicable	not applicable	3	Middle	Core-bottom	3	1	Schoenmakerskop	S3-DOM-1-Fri-low	6409030-04
MSV000083729	Stromatolite_Tissue_28_pos.mzXML	environmental	marine_cyanobacteria_insitu	not specified	2019	solid material, dried	methanol (100%)	none	Q Exactive|MS:1001938	electrospray ionization (positive)	reverse phase (C18)	S3-Core-2A-Fri-low	not applicable	not applicable	not applicable	not applicable	not applicable	not applicable	not applicable	2018-11-09	South Africa	Urban	-34.041176; 25.538640	0	MSV000083729_S3-Core-2A-Fri-low	not applicable	not applicable	not applicable	3	Middle	Core-top	3	2	Schoenmakerskop	S3-DOM-1-Fri-low	6409030-04
MSV000083729	Stromatolite_Tissue_29_pos.mzXML	environmental	marine_cyanobacteria_insitu	not specified	2019	solid material, dried	methanol (100%)	none	Q Exactive|MS:1001939	electrospray ionization (positive)	reverse phase (C18)	S3-Core-2B-Fri-low	not applicable	not applicable	not applicable	not applicable	not applicable	not applicable	not applicable	2018-11-09	South Africa	Urban	-34.041176; 25.538640	0	MSV000083729_S3-Core-2B-Fri-low	not applicable	not applicable	not applicable	3	Middle	Core-middle	3	2	Schoenmakerskop	S3-DOM-1-Fri-low	6409030-04
MSV000083729	Stromatolite_Tissue_30_pos.mzXML	environmental	marine_cyanobacteria_insitu	not specified	2019	solid material, dried	methanol (100%)	none	Q Exactive|MS:1001940	electrospray ionization (positive)	reverse phase (C18)	S3-Core-2C-Fri-low	not applicable	not applicable	not applicable	not applicable	not applicable	not applicable	not applicable	2018-11-09	South Africa	Urban	-34.041176; 25.538640	0	MSV000083729_S3-Core-2C-Fri-low	not applicable	not applicable	not applicable	3	Middle	Core-bottom	3	2	Schoenmakerskop	S3-DOM-1-Fri-low	6409030-04
MSV000083729	Stromatolite_Tissue_31_pos.mzXML	environmental	marine_cyanobacteria_insitu	not specified	2019	solid material, dried	methanol (100%)	none	Q Exactive|MS:1001941	electrospray ionization (positive)	reverse phase (C18)	S3-Core-1A-Sat-low	not applicable	not applicable	not applicable	not applicable	not applicable	not applicable	not applicable	2018-11-10	South Africa	Urban	-34.041176; 25.538640	0	MSV000083729_S3-Core-1A-Sat-low	not applicable	not applicable	not applicable	3	Middle	Core-top	3	3	Schoenmakerskop	S3-DOM-1-Sat-low	6409030-04
MSV000083729	Stromatolite_Tissue_32_pos.mzXML	environmental	marine_cyanobacteria_insitu	not specified	2019	solid material, dried	methanol (100%)	none	Q Exactive|MS:1001942	electrospray ionization (positive)	reverse phase (C18)	S3-Core-1B-Sat-low	not applicable	not applicable	not applicable	not applicable	not applicable	not applicable	not applicable	2018-11-10	South Africa	Urban	-34.041176; 25.538640	0	MSV000083729_S3-Core-1B-Sat-low	not applicable	not applicable	not applicable	3	Middle	Core-middle	3	3	Schoenmakerskop	S3-DOM-1-Sat-low	6409030-04
MSV000083729	Stromatolite_Tissue_33_pos.mzXML	environmental	marine_cyanobacteria_insitu	not specified	2019	solid material, dried	methanol (100%)	none	Q Exactive|MS:1001943	electrospray ionization (positive)	reverse phase (C18)	S3-Core-1C-Sat-low	not applicable	not applicable	not applicable	not applicable	not applicable	not applicable	not applicable	2018-11-10	South Africa	Urban	-34.041176; 25.538640	0	MSV000083729_S3-Core-1C-Sat-low	not applicable	not applicable	not applicable	3	Middle	Core-bottom	3	3	Schoenmakerskop	S3-DOM-1-Sat-low	6409030-04
MSV000083729	Stromatolite_Tissue_34_pos.mzXML	environmental	marine_cyanobacteria_insitu	not specified	2019	solid material, dried	methanol (100%)	none	Q Exactive|MS:1001944	electrospray ionization (positive)	reverse phase (C18)	S3-Core-2A-Sat-low	not applicable	not applicable	not applicable	not applicable	not applicable	not applicable	not applicable	2018-11-10	South Africa	Urban	-34.041176; 25.538640	0	MSV000083729_S3-Core-2A-Sat-low	not applicable	not applicable	not applicable	3	Middle	Core-top	3	4	Schoenmakerskop	S3-DOM-1-Sat-low	6409030-04
MSV000083729	Stromatolite_Tissue_35_pos.mzXML	environmental	marine_cyanobacteria_insitu	not specified	2019	solid material, dried	methanol (100%)	none	Q Exactive|MS:1001945	electrospray ionization (positive)	reverse phase (C18)	S3-Core-2B-Sat-low	not applicable	not applicable	not applicable	not applicable	not applicable	not applicable	not applicable	2018-11-10	South Africa	Urban	-34.041176; 25.538640	0	MSV000083729_S3-Core-2B-Sat-low	not applicable	not applicable	not applicable	3	Middle	Core-middle	3	4	Schoenmakerskop	S3-DOM-1-Sat-low	6409030-04
MSV000083729	Stromatolite_Tissue_36_pos.mzXML	environmental	marine_cyanobacteria_insitu	not specified	2019	solid material, dried	methanol (100%)	none	Q Exactive|MS:1001946	electrospray ionization (positive)	reverse phase (C18)	S3-Core-2C-Sat-low	not applicable	not applicable	not applicable	not applicable	not applicable	not applicable	not applicable	2018-11-10	South Africa	Urban	-34.041176; 25.538640	0	MSV000083729_S3-Core-2C-Sat-low	not applicable	not applicable	not applicable	3	Middle	Core-bottom	3	4	Schoenmakerskop	S3-DOM-1-Sat-low	6409030-04
MSV000083729	Stromatolite_Tissue_37_pos.mzXML	environmental	marine_cyanobacteria_insitu	not specified	2019	solid material, dried	methanol (100%)	none	Q Exactive|MS:1001947	electrospray ionization (positive)	reverse phase (C18)	S4-Core-1A-Fri-low	not applicable	not applicable	not applicable	not applicable	not applicable	not applicable	not applicable	2018-11-09	South Africa	Urban	-34.041176; 25.538640	0	MSV000083729_S4-Core-1A-Fri-low	not applicable	not applicable	not applicable	4	Middle	Core-top	4	1	Schoenmakerskop	S4-DOM-1-Fri-low	6409030-04
MSV000083729	Stromatolite_Tissue_38_pos.mzXML	environmental	marine_cyanobacteria_insitu	not specified	2019	solid material, dried	methanol (100%)	none	Q Exactive|MS:1001948	electrospray ionization (positive)	reverse phase (C18)	S4-Core-1B-Fri-low	not applicable	not applicable	not applicable	not applicable	not applicable	not applicable	not applicable	2018-11-09	South Africa	Urban	-34.041176; 25.538640	0	MSV000083729_S4-Core-1B-Fri-low	not applicable	not applicable	not applicable	4	Middle	Core-middle	4	1	Schoenmakerskop	S4-DOM-1-Fri-low	6409030-04
MSV000083729	Stromatolite_Tissue_39_pos.mzXML	environmental	marine_cyanobacteria_insitu	not specified	2019	solid material, dried	methanol (100%)	none	Q Exactive|MS:1001949	electrospray ionization (positive)	reverse phase (C18)	S4-Core-1C-Fri-low	not applicable	not applicable	not applicable	not applicable	not applicable	not applicable	not applicable	2018-11-09	South Africa	Urban	-34.041176; 25.538640	0	MSV000083729_S4-Core-1C-Fri-low	not applicable	not applicable	not applicable	4	Middle	Core-bottom	4	1	Schoenmakerskop	S4-DOM-1-Fri-low	6409030-04
MSV000083729	Stromatolite_Tissue_40_pos.mzXML	environmental	marine_cyanobacteria_insitu	not specified	2019	solid material, dried	methanol (100%)	none	Q Exactive|MS:1001950	electrospray ionization (positive)	reverse phase (C18)	S4-Core-2A-Fri-low	not applicable	not applicable	not applicable	not applicable	not applicable	not applicable	not applicable	2018-11-09	South Africa	Urban	-34.041176; 25.538640	0	MSV000083729_S4-Core-2A-Fri-low	not applicable	not applicable	not applicable	4	Middle	Core-top	4	2	Schoenmakerskop	S4-DOM-1-Fri-low	6409030-04
MSV000083729	Stromatolite_Tissue_41_pos.mzXML	environmental	marine_cyanobacteria_insitu	not specified	2019	solid material, dried	methanol (100%)	none	Q Exactive|MS:1001951	electrospray ionization (positive)	reverse phase (C18)	S4-Core-2B-Fri-low	not applicable	not applicable	not applicable	not applicable	not applicable	not applicable	not applicable	2018-11-09	South Africa	Urban	-34.041176; 25.538640	0	MSV000083729_S4-Core-2B-Fri-low	not applicable	not applicable	not applicable	4	Middle	Core-middle	4	2	Schoenmakerskop	S4-DOM-1-Fri-low	6409030-04
MSV000083729	Stromatolite_Tissue_42_pos.mzXML	environmental	marine_cyanobacteria_insitu	not specified	2019	solid material, dried	methanol (100%)	none	Q Exactive|MS:1001952	electrospray ionization (positive)	reverse phase (C18)	S4-Core-2C-Fri-low	not applicable	not applicable	not applicable	not applicable	not applicable	not applicable	not applicable	2018-11-09	South Africa	Urban	-34.041176; 25.538640	0	MSV000083729_S4-Core-2C-Fri-low	not applicable	not applicable	not applicable	4	Middle	Core-bottom	4	2	Schoenmakerskop	S4-DOM-1-Fri-low	6409030-04
MSV000083729	Stromatolite_Tissue_43_pos.mzXML	environmental	marine_cyanobacteria_insitu	not specified	2019	solid material, dried	methanol (100%)	none	Q Exactive|MS:1001953	electrospray ionization (positive)	reverse phase (C18)	S4-Core-1A-Sat-low	not applicable	not applicable	not applicable	not applicable	not applicable	not applicable	not applicable	2018-11-10	South Africa	Urban	-34.041176; 25.538640	0	MSV000083729_S4-Core-1A-Sat-low	not applicable	not applicable	not applicable	4	Middle	Core-top	4	3	Schoenmakerskop	S4-DOM-1-Sat-low	6409030-04
MSV000083729	Stromatolite_Tissue_44_pos.mzXML	environmental	marine_cyanobacteria_insitu	not specified	2019	solid material, dried	methanol (100%)	none	Q Exactive|MS:1001954	electrospray ionization (positive)	reverse phase (C18)	S4-Core-1B-Sat-low	not applicable	not applicable	not applicable	not applicable	not applicable	not applicable	not applicable	2018-11-10	South Africa	Urban	-34.041176; 25.538640	0	MSV000083729_S4-Core-1B-Sat-low	not applicable	not applicable	not applicable	4	Middle	Core-middle	4	3	Schoenmakerskop	S4-DOM-1-Sat-low	6409030-04
MSV000083729	Stromatolite_Tissue_45_pos.mzXML	environmental	marine_cyanobacteria_insitu	not specified	2019	solid material, dried	methanol (100%)	none	Q Exactive|MS:1001955	electrospray ionization (positive)	reverse phase (C18)	S4-Core-1C-Sat-low	not applicable	not applicable	not applicable	not applicable	not applicable	not applicable	not applicable	2018-11-10	South Africa	Urban	-34.041176; 25.538640	0	MSV000083729_S4-Core-1C-Sat-low	not applicable	not applicable	not applicable	4	Middle	Core-bottom	4	3	Schoenmakerskop	S4-DOM-1-Sat-low	6409030-04
MSV000083729	Stromatolite_Tissue_46_pos.mzXML	environmental	marine_cyanobacteria_insitu	not specified	2019	solid material, dried	methanol (100%)	none	Q Exactive|MS:1001956	electrospray ionization (positive)	reverse phase (C18)	S4-Core-2A-Sat-low	not applicable	not applicable	not applicable	not applicable	not applicable	not applicable	not applicable	2018-11-10	South Africa	Urban	-34.041176; 25.538640	0	MSV000083729_S4-Core-2A-Sat-low	not applicable	not applicable	not applicable	4	Middle	Core-top	4	4	Schoenmakerskop	S4-DOM-1-Sat-low	6409030-04
MSV000083729	Stromatolite_Tissue_47_pos.mzXML	environmental	marine_cyanobacteria_insitu	not specified	2019	solid material, dried	methanol (100%)	none	Q Exactive|MS:1001957	electrospray ionization (positive)	reverse phase (C18)	S4-Core-2B-Sat-low	not applicable	not applicable	not applicable	not applicable	not applicable	not applicable	not applicable	2018-11-10	South Africa	Urban	-34.041176; 25.538640	0	MSV000083729_S4-Core-2B-Sat-low	not applicable	not applicable	not applicable	4	Middle	Core-middle	4	4	Schoenmakerskop	S4-DOM-1-Sat-low	6409030-04
MSV000083729	Stromatolite_Tissue_48_pos.mzXML	environmental	marine_cyanobacteria_insitu	not specified	2019	solid material, dried	methanol (100%)	none	Q Exactive|MS:1001958	electrospray ionization (positive)	reverse phase (C18)	S4-Core-2C-Sat-low	not applicable	not applicable	not applicable	not applicable	not applicable	not applicable	not applicable	2018-11-10	South Africa	Urban	-34.041176; 25.538640	0	MSV000083729_S4-Core-2C-Sat-low	not applicable	not applicable	not applicable	4	Middle	Core-bottom	4	4	Schoenmakerskop	S4-DOM-1-Sat-low	6409030-04
MSV000083729	Stromatolite_Tissue_49_pos.mzXML	environmental	marine_cyanobacteria_insitu	not specified	2019	solid material, dried	methanol (100%)	none	Q Exactive|MS:1001959	electrospray ionization (positive)	reverse phase (C18)	S5-Core-1A-Fri-low	not applicable	not applicable	not applicable	not applicable	not applicable	not applicable	not applicable	2018-11-09	South Africa	Urban	-34.041176; 25.538640	0	MSV000083729_S5-Core-1A-Fri-low	not applicable	not applicable	not applicable	5	Middle	Core-top	5	1	Schoenmakerskop	S5-DOM-1-Fri-low	6409030-04
MSV000083729	Stromatolite_Tissue_50_pos.mzXML	environmental	marine_cyanobacteria_insitu	not specified	2019	solid material, dried	methanol (100%)	none	Q Exactive|MS:1001960	electrospray ionization (positive)	reverse phase (C18)	S5-Core-1B-Fri-low	not applicable	not applicable	not applicable	not applicable	not applicable	not applicable	not applicable	2018-11-09	South Africa	Urban	-34.041176; 25.538640	0	MSV000083729_S5-Core-1B-Fri-low	not applicable	not applicable	not applicable	5	Middle	Core-middle	5	1	Schoenmakerskop	S5-DOM-1-Fri-low	6409030-04
MSV000083729	Stromatolite_Tissue_51_pos.mzXML	environmental	marine_cyanobacteria_insitu	not specified	2019	solid material, dried	methanol (100%)	none	Q Exactive|MS:1001961	electrospray ionization (positive)	reverse phase (C18)	S5-Core-1C-Fri-low	not applicable	not applicable	not applicable	not applicable	not applicable	not applicable	not applicable	2018-11-09	South Africa	Urban	-34.041176; 25.538640	0	MSV000083729_S5-Core-1C-Fri-low	not applicable	not applicable	not applicable	5	Middle	Core-bottom	5	1	Schoenmakerskop	S5-DOM-1-Fri-low	6409030-04
MSV000083729	Stromatolite_Tissue_52_pos.mzXML	environmental	marine_cyanobacteria_insitu	not specified	2019	solid material, dried	methanol (100%)	none	Q Exactive|MS:1001962	electrospray ionization (positive)	reverse phase (C18)	S5-Core-2A-Fri-low	not applicable	not applicable	not applicable	not applicable	not applicable	not applicable	not applicable	2018-11-09	South Africa	Urban	-34.041176; 25.538640	0	MSV000083729_S5-Core-2A-Fri-low	not applicable	not applicable	not applicable	5	Middle	Core-top	5	2	Schoenmakerskop	S5-DOM-1-Fri-low	6409030-04
MSV000083729	Stromatolite_Tissue_53_pos.mzXML	environmental	marine_cyanobacteria_insitu	not specified	2019	solid material, dried	methanol (100%)	none	Q Exactive|MS:1001963	electrospray ionization (positive)	reverse phase (C18)	S5-Core-2B-Fri-low	not applicable	not applicable	not applicable	not applicable	not applicable	not applicable	not applicable	2018-11-09	South Africa	Urban	-34.041176; 25.538640	0	MSV000083729_S5-Core-2B-Fri-low	not applicable	not applicable	not applicable	5	Middle	Core-middle	5	2	Schoenmakerskop	S5-DOM-1-Fri-low	6409030-04
MSV000083729	Stromatolite_Tissue_54_pos.mzXML	environmental	marine_cyanobacteria_insitu	not specified	2019	solid material, dried	methanol (100%)	none	Q Exactive|MS:1001964	electrospray ionization (positive)	reverse phase (C18)	S5-Core-2C-Fri-low	not applicable	not applicable	not applicable	not applicable	not applicable	not applicable	not applicable	2018-11-09	South Africa	Urban	-34.041176; 25.538640	0	MSV000083729_S5-Core-2C-Fri-low	not applicable	not applicable	not applicable	5	Middle	Core-bottom	5	2	Schoenmakerskop	S5-DOM-1-Fri-low	6409030-04
MSV000083729	Stromatolite_Tissue_55_pos.mzXML	environmental	marine_cyanobacteria_insitu	not specified	2019	solid material, dried	methanol (100%)	none	Q Exactive|MS:1001965	electrospray ionization (positive)	reverse phase (C18)	S5-Core-1A-Sat-low	not applicable	not applicable	not applicable	not applicable	not applicable	not applicable	not applicable	2018-11-10	South Africa	Urban	-34.041176; 25.538640	0	MSV000083729_S5-Core-1A-Sat-low	not applicable	not applicable	not applicable	5	Middle	Core-top	5	3	Schoenmakerskop	S5-DOM-1-Sat-low	6409030-04
MSV000083729	Stromatolite_Tissue_56_pos.mzXML	environmental	marine_cyanobacteria_insitu	not specified	2019	solid material, dried	methanol (100%)	none	Q Exactive|MS:1001966	electrospray ionization (positive)	reverse phase (C18)	S5-Core-1B-Sat-low	not applicable	not applicable	not applicable	not applicable	not applicable	not applicable	not applicable	2018-11-10	South Africa	Urban	-34.041176; 25.538640	0	MSV000083729_S5-Core-1B-Sat-low	not applicable	not applicable	not applicable	5	Middle	Core-middle	5	3	Schoenmakerskop	S5-DOM-1-Sat-low	6409030-04
MSV000083729	Stromatolite_Tissue_57_pos.mzXML	environmental	marine_cyanobacteria_insitu	not specified	2019	solid material, dried	methanol (100%)	none	Q Exactive|MS:1001967	electrospray ionization (positive)	reverse phase (C18)	S5-Core-1C-Sat-low	not applicable	not applicable	not applicable	not applicable	not applicable	not applicable	not applicable	2018-11-10	South Africa	Urban	-34.041176; 25.538640	0	MSV000083729_S5-Core-1C-Sat-low	not applicable	not applicable	not applicable	5	Middle	Core-bottom	5	3	Schoenmakerskop	S5-DOM-1-Sat-low	6409030-04
MSV000083729	Stromatolite_Tissue_58_pos.mzXML	environmental	marine_cyanobacteria_insitu	not specified	2019	solid material, dried	methanol (100%)	none	Q Exactive|MS:1001968	electrospray ionization (positive)	reverse phase (C18)	S5-Core-2A-Sat-low	not applicable	not applicable	not applicable	not applicable	not applicable	not applicable	not applicable	2018-11-10	South Africa	Urban	-34.041176; 25.538640	0	MSV000083729_S5-Core-2A-Sat-low	not applicable	not applicable	not applicable	5	Middle	Core-top	5	4	Schoenmakerskop	S5-DOM-1-Sat-low	6409030-04
MSV000083729	Stromatolite_Tissue_59_pos.mzXML	environmental	marine_cyanobacteria_insitu	not specified	2019	solid material, dried	methanol (100%)	none	Q Exactive|MS:1001969	electrospray ionization (positive)	reverse phase (C18)	S5-Core-2B-Sat-low	not applicable	not applicable	not applicable	not applicable	not applicable	not applicable	not applicable	2018-11-10	South Africa	Urban	-34.041176; 25.538640	0	MSV000083729_S5-Core-2B-Sat-low	not applicable	not applicable	not applicable	5	Middle	Core-middle	5	4	Schoenmakerskop	S5-DOM-1-Sat-low	6409030-04
MSV000083729	Stromatolite_Tissue_60_pos.mzXML	environmental	marine_cyanobacteria_insitu	not specified	2019	solid material, dried	methanol (100%)	none	Q Exactive|MS:1001970	electrospray ionization (positive)	reverse phase (C18)	S5-Core-2C-Sat-low	not applicable	not applicable	not applicable	not applicable	not applicable	not applicable	not applicable	2018-11-10	South Africa	Urban	-34.041176; 25.538640	0	MSV000083729_S5-Core-2C-Sat-low	not applicable	not applicable	not applicable	5	Middle	Core-bottom	5	4	Schoenmakerskop	S5-DOM-1-Sat-low	6409030-04
MSV000083729	Stromatolite_Tissue_61_pos.mzXML	environmental	marine_cyanobacteria_insitu	not specified	2019	solid material, dried	methanol (100%)	none	Q Exactive|MS:1001971	electrospray ionization (positive)	reverse phase (C18)	S6-Core-1A-Fri-low	not applicable	not applicable	not applicable	not applicable	not applicable	not applicable	not applicable	2018-11-09	South Africa	Urban	-34.041176; 25.538640	0	MSV000083729_S6-Core-1A-Fri-low	not applicable	not applicable	not applicable	6	Middle	Core-top	6	1	Schoenmakerskop	S6-DOM-1-Fri-low	6409030-04
MSV000083729	Stromatolite_Tissue_62_pos.mzXML	environmental	marine_cyanobacteria_insitu	not specified	2019	solid material, dried	methanol (100%)	none	Q Exactive|MS:1001972	electrospray ionization (positive)	reverse phase (C18)	S6-Core-1B-Fri-low	not applicable	not applicable	not applicable	not applicable	not applicable	not applicable	not applicable	2018-11-09	South Africa	Urban	-34.041176; 25.538640	0	MSV000083729_S6-Core-1B-Fri-low	not applicable	not applicable	not applicable	6	Middle	Core-middle	6	1	Schoenmakerskop	S6-DOM-1-Fri-low	6409030-04
MSV000083729	Stromatolite_Tissue_63_pos.mzXML	environmental	marine_cyanobacteria_insitu	not specified	2019	solid material, dried	methanol (100%)	none	Q Exactive|MS:1001973	electrospray ionization (positive)	reverse phase (C18)	S6-Core-1C-Fri-low	not applicable	not applicable	not applicable	not applicable	not applicable	not applicable	not applicable	2018-11-09	South Africa	Urban	-34.041176; 25.538640	0	MSV000083729_S6-Core-1C-Fri-low	not applicable	not applicable	not applicable	6	Middle	Core-bottom	6	1	Schoenmakerskop	S6-DOM-1-Fri-low	6409030-04
MSV000083729	Stromatolite_Tissue_64_pos.mzXML	environmental	marine_cyanobacteria_insitu	not specified	2019	solid material, dried	methanol (100%)	none	Q Exactive|MS:1001974	electrospray ionization (positive)	reverse phase (C18)	S6-Core-2A-Fri-low	not applicable	not applicable	not applicable	not applicable	not applicable	not applicable	not applicable	2018-11-09	South Africa	Urban	-34.041176; 25.538640	0	MSV000083729_S6-Core-2A-Fri-low	not applicable	not applicable	not applicable	6	Middle	Core-top	6	2	Schoenmakerskop	S6-DOM-1-Fri-low	6409030-04
MSV000083729	Stromatolite_Tissue_65_pos.mzXML	environmental	marine_cyanobacteria_insitu	not specified	2019	solid material, dried	methanol (100%)	none	Q Exactive|MS:1001975	electrospray ionization (positive)	reverse phase (C18)	S6-Core-2B-Fri-low	not applicable	not applicable	not applicable	not applicable	not applicable	not applicable	not applicable	2018-11-09	South Africa	Urban	-34.041176; 25.538640	0	MSV000083729_S6-Core-2B-Fri-low	not applicable	not applicable	not applicable	6	Middle	Core-middle	6	2	Schoenmakerskop	S6-DOM-1-Fri-low	6409030-04
MSV000083729	Stromatolite_Tissue_66_pos.mzXML	environmental	marine_cyanobacteria_insitu	not specified	2019	solid material, dried	methanol (100%)	none	Q Exactive|MS:1001976	electrospray ionization (positive)	reverse phase (C18)	S6-Core-2C-Fri-low	not applicable	not applicable	not applicable	not applicable	not applicable	not applicable	not applicable	2018-11-09	South Africa	Urban	-34.041176; 25.538640	0	MSV000083729_S6-Core-2C-Fri-low	not applicable	not applicable	not applicable	6	Middle	Core-bottom	6	2	Schoenmakerskop	S6-DOM-1-Fri-low	6409030-04
MSV000083729	Stromatolite_Tissue_67_pos.mzXML	environmental	marine_cyanobacteria_insitu	not specified	2019	solid material, dried	methanol (100%)	none	Q Exactive|MS:1001977	electrospray ionization (positive)	reverse phase (C18)	S6-Core-1A-Sat-low	not applicable	not applicable	not applicable	not applicable	not applicable	not applicable	not applicable	2018-11-10	South Africa	Urban	-34.041176; 25.538640	0	MSV000083729_S6-Core-1A-Sat-low	not applicable	not applicable	not applicable	6	Middle	Core-top	6	3	Schoenmakerskop	S6-DOM-1-Sat-low	6409030-04
MSV000083729	Stromatolite_Tissue_68_pos.mzXML	environmental	marine_cyanobacteria_insitu	not specified	2019	solid material, dried	methanol (100%)	none	Q Exactive|MS:1001978	electrospray ionization (positive)	reverse phase (C18)	S6-Core-1B-Sat-low	not applicable	not applicable	not applicable	not applicable	not applicable	not applicable	not applicable	2018-11-10	South Africa	Urban	-34.041176; 25.538640	0	MSV000083729_S6-Core-1B-Sat-low	not applicable	not applicable	not applicable	6	Middle	Core-middle	6	3	Schoenmakerskop	S6-DOM-1-Sat-low	6409030-04
MSV000083729	Stromatolite_Tissue_69_pos.mzXML	environmental	marine_cyanobacteria_insitu	not specified	2019	solid material, dried	methanol (100%)	none	Q Exactive|MS:1001979	electrospray ionization (positive)	reverse phase (C18)	S6-Core-1C-Sat-low	not applicable	not applicable	not applicable	not applicable	not applicable	not applicable	not applicable	2018-11-10	South Africa	Urban	-34.041176; 25.538640	0	MSV000083729_S6-Core-1C-Sat-low	not applicable	not applicable	not applicable	6	Middle	Core-bottom	6	3	Schoenmakerskop	S6-DOM-1-Sat-low	6409030-04
MSV000083729	Stromatolite_Tissue_70_pos.mzXML	environmental	marine_cyanobacteria_insitu	not specified	2019	solid material, dried	methanol (100%)	none	Q Exactive|MS:1001980	electrospray ionization (positive)	reverse phase (C18)	S6-Core-2A-Sat-low	not applicable	not applicable	not applicable	not applicable	not applicable	not applicable	not applicable	2018-11-10	South Africa	Urban	-34.041176; 25.538640	0	MSV000083729_S6-Core-2A-Sat-low	not applicable	not applicable	not applicable	6	Middle	Core-top	6	4	Schoenmakerskop	S6-DOM-1-Sat-low	6409030-04
MSV000083729	Stromatolite_Tissue_71_pos.mzXML	environmental	marine_cyanobacteria_insitu	not specified	2019	solid material, dried	methanol (100%)	none	Q Exactive|MS:1001981	electrospray ionization (positive)	reverse phase (C18)	S6-Core-2B-Sat-low	not applicable	not applicable	not applicable	not applicable	not applicable	not applicable	not applicable	2018-11-10	South Africa	Urban	-34.041176; 25.538640	0	MSV000083729_S6-Core-2B-Sat-low	not applicable	not applicable	not applicable	6	Middle	Core-middle	6	4	Schoenmakerskop	S6-DOM-1-Sat-low	6409030-04
MSV000083729	Stromatolite_Tissue_72_pos.mzXML	environmental	marine_cyanobacteria_insitu	not specified	2019	solid material, dried	methanol (100%)	none	Q Exactive|MS:1001982	electrospray ionization (positive)	reverse phase (C18)	S6-Core-2C-Sat-low	not applicable	not applicable	not applicable	not applicable	not applicable	not applicable	not applicable	2018-11-10	South Africa	Urban	-34.041176; 25.538640	0	MSV000083729_S6-Core-2C-Sat-low	not applicable	not applicable	not applicable	6	Middle	Core-bottom	6	4	Schoenmakerskop	S6-DOM-1-Sat-low	6409030-04
MSV000083729	Stromatolite_Tissue_73_pos.mzXML	environmental	marine_cyanobacteria_insitu	not specified	2019	solid material, dried	methanol (100%)	none	Q Exactive|MS:1001983	electrospray ionization (positive)	reverse phase (C18)	S7-Core-1A-Fri-low	not applicable	not applicable	not applicable	not applicable	not applicable	not applicable	not applicable	2018-11-09	South Africa	Urban	-34.041176; 25.538640	0	MSV000083729_S7-Core-1A-Fri-low	not applicable	not applicable	not applicable	7	Middle	Core-top	7	1	Schoenmakerskop	S7-DOM-1-Fri-low	6409030-04
MSV000083729	Stromatolite_Tissue_74_pos.mzXML	environmental	marine_cyanobacteria_insitu	not specified	2019	solid material, dried	methanol (100%)	none	Q Exactive|MS:1001984	electrospray ionization (positive)	reverse phase (C18)	S7-Core-1B-Fri-low	not applicable	not applicable	not applicable	not applicable	not applicable	not applicable	not applicable	2018-11-09	South Africa	Urban	-34.041176; 25.538640	0	MSV000083729_S7-Core-1B-Fri-low	not applicable	not applicable	not applicable	7	Middle	Core-middle	7	1	Schoenmakerskop	S7-DOM-1-Fri-low	6409030-04
MSV000083729	Stromatolite_Tissue_75_pos.mzXML	environmental	marine_cyanobacteria_insitu	not specified	2019	solid material, dried	methanol (100%)	none	Q Exactive|MS:1001985	electrospray ionization (positive)	reverse phase (C18)	S7-Core-1C-Fri-low	not applicable	not applicable	not applicable	not applicable	not applicable	not applicable	not applicable	2018-11-09	South Africa	Urban	-34.041176; 25.538640	0	MSV000083729_S7-Core-1C-Fri-low	not applicable	not applicable	not applicable	7	Middle	Core-bottom	7	1	Schoenmakerskop	S7-DOM-1-Fri-low	6409030-04
MSV000083729	Stromatolite_Tissue_76_pos.mzXML	environmental	marine_cyanobacteria_insitu	not specified	2019	solid material, dried	methanol (100%)	none	Q Exactive|MS:1001986	electrospray ionization (positive)	reverse phase (C18)	S7-Core-2A-Fri-low	not applicable	not applicable	not applicable	not applicable	not applicable	not applicable	not applicable	2018-11-09	South Africa	Urban	-34.041176; 25.538640	0	MSV000083729_S7-Core-2A-Fri-low	not applicable	not applicable	not applicable	7	Middle	Core-top	7	2	Schoenmakerskop	S7-DOM-1-Fri-low	6409030-04
MSV000083729	Stromatolite_Tissue_77_pos.mzXML	environmental	marine_cyanobacteria_insitu	not specified	2019	solid material, dried	methanol (100%)	none	Q Exactive|MS:1001987	electrospray ionization (positive)	reverse phase (C18)	S7-Core-2B-Fri-low	not applicable	not applicable	not applicable	not applicable	not applicable	not applicable	not applicable	2018-11-09	South Africa	Urban	-34.041176; 25.538640	0	MSV000083729_S7-Core-2B-Fri-low	not applicable	not applicable	not applicable	7	Middle	Core-middle	7	2	Schoenmakerskop	S7-DOM-1-Fri-low	6409030-04
MSV000083729	Stromatolite_Tissue_78_pos.mzXML	environmental	marine_cyanobacteria_insitu	not specified	2019	solid material, dried	methanol (100%)	none	Q Exactive|MS:1001988	electrospray ionization (positive)	reverse phase (C18)	S7-Core-2C-Fri-low	not applicable	not applicable	not applicable	not applicable	not applicable	not applicable	not applicable	2018-11-09	South Africa	Urban	-34.041176; 25.538640	0	MSV000083729_S7-Core-2C-Fri-low	not applicable	not applicable	not applicable	7	Middle	Core-bottom	7	2	Schoenmakerskop	S7-DOM-1-Fri-low	6409030-04
MSV000083729	Stromatolite_Tissue_79_pos.mzXML	environmental	marine_cyanobacteria_insitu	not specified	2019	solid material, dried	methanol (100%)	none	Q Exactive|MS:1001989	electrospray ionization (positive)	reverse phase (C18)	S7-Core-1A-Sat-low	not applicable	not applicable	not applicable	not applicable	not applicable	not applicable	not applicable	2018-11-10	South Africa	Urban	-34.041176; 25.538640	0	MSV000083729_S7-Core-1A-Sat-low	not applicable	not applicable	not applicable	7	Middle	Core-top	7	3	Schoenmakerskop	S7-DOM-1-Sat-low	6409030-04
MSV000083729	Stromatolite_Tissue_80_pos.mzXML	environmental	marine_cyanobacteria_insitu	not specified	2019	solid material, dried	methanol (100%)	none	Q Exactive|MS:1001990	electrospray ionization (positive)	reverse phase (C18)	S7-Core-1B-Sat-low	not applicable	not applicable	not applicable	not applicable	not applicable	not applicable	not applicable	2018-11-10	South Africa	Urban	-34.041176; 25.538640	0	MSV000083729_S7-Core-1B-Sat-low	not applicable	not applicable	not applicable	7	Middle	Core-middle	7	3	Schoenmakerskop	S7-DOM-1-Sat-low	6409030-04
MSV000083729	Stromatolite_Tissue_81_pos.mzXML	environmental	marine_cyanobacteria_insitu	not specified	2019	solid material, dried	methanol (100%)	none	Q Exactive|MS:1001991	electrospray ionization (positive)	reverse phase (C18)	S7-Core-1C-Sat-low	not applicable	not applicable	not applicable	not applicable	not applicable	not applicable	not applicable	2018-11-10	South Africa	Urban	-34.041176; 25.538640	0	MSV000083729_S7-Core-1C-Sat-low	not applicable	not applicable	not applicable	7	Middle	Core-bottom	7	3	Schoenmakerskop	S7-DOM-1-Sat-low	6409030-04
MSV000083729	Stromatolite_Tissue_82_pos.mzXML	environmental	marine_cyanobacteria_insitu	not specified	2019	solid material, dried	methanol (100%)	none	Q Exactive|MS:1001992	electrospray ionization (positive)	reverse phase (C18)	S7-Core-2A-Sat-low	not applicable	not applicable	not applicable	not applicable	not applicable	not applicable	not applicable	2018-11-10	South Africa	Urban	-34.041176; 25.538640	0	MSV000083729_S7-Core-2A-Sat-low	not applicable	not applicable	not applicable	7	Middle	Core-top	7	4	Schoenmakerskop	S7-DOM-1-Sat-low	6409030-04
MSV000083729	Stromatolite_Tissue_83_pos.mzXML	environmental	marine_cyanobacteria_insitu	not specified	2019	solid material, dried	methanol (100%)	none	Q Exactive|MS:1001993	electrospray ionization (positive)	reverse phase (C18)	S7-Core-2B-Sat-low	not applicable	not applicable	not applicable	not applicable	not applicable	not applicable	not applicable	2018-11-10	South Africa	Urban	-34.041176; 25.538640	0	MSV000083729_S7-Core-2B-Sat-low	not applicable	not applicable	not applicable	7	Middle	Core-middle	7	4	Schoenmakerskop	S7-DOM-1-Sat-low	6409030-04
MSV000083729	Stromatolite_Tissue_84_pos.mzXML	environmental	marine_cyanobacteria_insitu	not specified	2019	solid material, dried	methanol (100%)	none	Q Exactive|MS:1001994	electrospray ionization (positive)	reverse phase (C18)	S7-Core-2C-Sat-low	not applicable	not applicable	not applicable	not applicable	not applicable	not applicable	not applicable	2018-11-10	South Africa	Urban	-34.041176; 25.538640	0	MSV000083729_S7-Core-2C-Sat-low	not applicable	not applicable	not applicable	7	Middle	Core-bottom	7	4	Schoenmakerskop	S7-DOM-1-Sat-low	6409030-04
MSV000083729	Stromatolite_Tissue_85_pos.mzXML	environmental	marine_cyanobacteria_insitu	not specified	2019	solid material, dried	methanol (100%)	none	Q Exactive|MS:1001995	electrospray ionization (positive)	reverse phase (C18)	S8-Core-1A-Fri-low	not applicable	not applicable	not applicable	not applicable	not applicable	not applicable	not applicable	2018-11-09	South Africa	Urban	-34.041176; 25.538640	0	MSV000083729_S8-Core-1A-Fri-low	not applicable	not applicable	not applicable	8	Lower	Core-top	8	1	Schoenmakerskop	S8-DOM-1-Fri-low	6409030-04
MSV000083729	Stromatolite_Tissue_86_pos.mzXML	environmental	marine_cyanobacteria_insitu	not specified	2019	solid material, dried	methanol (100%)	none	Q Exactive|MS:1001996	electrospray ionization (positive)	reverse phase (C18)	S8-Core-1B-Fri-low	not applicable	not applicable	not applicable	not applicable	not applicable	not applicable	not applicable	2018-11-09	South Africa	Urban	-34.041176; 25.538640	0	MSV000083729_S8-Core-1B-Fri-low	not applicable	not applicable	not applicable	8	Lower	Core-middle	8	1	Schoenmakerskop	S8-DOM-1-Fri-low	6409030-04
MSV000083729	Stromatolite_Tissue_87_pos.mzXML	environmental	marine_cyanobacteria_insitu	not specified	2019	solid material, dried	methanol (100%)	none	Q Exactive|MS:1001997	electrospray ionization (positive)	reverse phase (C18)	S8-Core-1C-Fri-low	not applicable	not applicable	not applicable	not applicable	not applicable	not applicable	not applicable	2018-11-09	South Africa	Urban	-34.041176; 25.538640	0	MSV000083729_S8-Core-1C-Fri-low	not applicable	not applicable	not applicable	8	Lower	Core-bottom	8	1	Schoenmakerskop	S8-DOM-1-Fri-low	6409030-04
MSV000083729	Stromatolite_Tissue_88_pos.mzXML	environmental	marine_cyanobacteria_insitu	not specified	2019	solid material, dried	methanol (100%)	none	Q Exactive|MS:1001998	electrospray ionization (positive)	reverse phase (C18)	S8-Core-2A-Fri-low	not applicable	not applicable	not applicable	not applicable	not applicable	not applicable	not applicable	2018-11-09	South Africa	Urban	-34.041176; 25.538640	0	MSV000083729_S8-Core-2A-Fri-low	not applicable	not applicable	not applicable	8	Lower	Core-top	8	2	Schoenmakerskop	S8-DOM-1-Fri-low	6409030-04
MSV000083729	Stromatolite_Tissue_89_pos.mzXML	environmental	marine_cyanobacteria_insitu	not specified	2019	solid material, dried	methanol (100%)	none	Q Exactive|MS:1001999	electrospray ionization (positive)	reverse phase (C18)	S8-Core-2B-Fri-low	not applicable	not applicable	not applicable	not applicable	not applicable	not applicable	not applicable	2018-11-09	South Africa	Urban	-34.041176; 25.538640	0	MSV000083729_S8-Core-2B-Fri-low	not applicable	not applicable	not applicable	8	Lower	Core-middle	8	2	Schoenmakerskop	S8-DOM-1-Fri-low	6409030-04
MSV000083729	Stromatolite_Tissue_90_pos.mzXML	environmental	marine_cyanobacteria_insitu	not specified	2019	solid material, dried	methanol (100%)	none	Q Exactive|MS:1002000	electrospray ionization (positive)	reverse phase (C18)	S8-Core-2C-Fri-low	not applicable	not applicable	not applicable	not applicable	not applicable	not applicable	not applicable	2018-11-09	South Africa	Urban	-34.041176; 25.538640	0	MSV000083729_S8-Core-2C-Fri-low	not applicable	not applicable	not applicable	8	Lower	Core-bottom	8	2	Schoenmakerskop	S8-DOM-1-Fri-low	6409030-04
MSV000083729	Stromatolite_Tissue_91_pos.mzXML	environmental	marine_cyanobacteria_insitu	not specified	2019	solid material, dried	methanol (100%)	none	Q Exactive|MS:1002001	electrospray ionization (positive)	reverse phase (C18)	S8-Core-3A-Fri-low	not applicable	not applicable	not applicable	not applicable	not applicable	not applicable	not applicable	2018-11-09	South Africa	Urban	-34.041176; 25.538640	0	MSV000083729_S8-Core-3A-Fri-low	not applicable	not applicable	not applicable	8	Lower	Core-top	8	3	Schoenmakerskop	S8-DOM-1-Fri-low	6409030-04
MSV000083729	Stromatolite_Tissue_92_pos.mzXML	environmental	marine_cyanobacteria_insitu	not specified	2019	solid material, dried	methanol (100%)	none	Q Exactive|MS:1002002	electrospray ionization (positive)	reverse phase (C18)	S8-Core-3B-Fri-low	not applicable	not applicable	not applicable	not applicable	not applicable	not applicable	not applicable	2018-11-09	South Africa	Urban	-34.041176; 25.538640	0	MSV000083729_S8-Core-3B-Fri-low	not applicable	not applicable	not applicable	8	Lower	Core-middle	8	3	Schoenmakerskop	S8-DOM-1-Fri-low	6409030-04
MSV000083729	Stromatolite_Tissue_93_pos.mzXML	environmental	marine_cyanobacteria_insitu	not specified	2019	solid material, dried	methanol (100%)	none	Q Exactive|MS:1002003	electrospray ionization (positive)	reverse phase (C18)	S8-Core-3C-Fri-low	not applicable	not applicable	not applicable	not applicable	not applicable	not applicable	not applicable	2018-11-09	South Africa	Urban	-34.041176; 25.538640	0	MSV000083729_S8-Core-3C-Fri-low	not applicable	not applicable	not applicable	8	Lower	Core-bottom	8	3	Schoenmakerskop	S8-DOM-1-Fri-low	6409030-04
MSV000083729	Stromatolite_Tissue_94_pos.mzXML	environmental	marine_cyanobacteria_insitu	not specified	2019	solid material, dried	methanol (100%)	none	Q Exactive|MS:1002004	electrospray ionization (positive)	reverse phase (C18)	S8-Core-4A-Fri-low	not applicable	not applicable	not applicable	not applicable	not applicable	not applicable	not applicable	2018-11-09	South Africa	Urban	-34.041176; 25.538640	0	MSV000083729_S8-Core-4A-Fri-low	not applicable	not applicable	not applicable	8	Lower	Core-top	8	4	Schoenmakerskop	S8-DOM-1-Fri-low	6409030-04
MSV000083729	Stromatolite_Tissue_95_pos.mzXML	environmental	marine_cyanobacteria_insitu	not specified	2019	solid material, dried	methanol (100%)	none	Q Exactive|MS:1002005	electrospray ionization (positive)	reverse phase (C18)	S8-Core-4B-Fri-low	not applicable	not applicable	not applicable	not applicable	not applicable	not applicable	not applicable	2018-11-09	South Africa	Urban	-34.041176; 25.538640	0	MSV000083729_S8-Core-4B-Fri-low	not applicable	not applicable	not applicable	8	Lower	Core-middle	8	4	Schoenmakerskop	S8-DOM-1-Fri-low	6409030-04
MSV000083729	Stromatolite_Tissue_96_pos.mzXML	environmental	marine_cyanobacteria_insitu	not specified	2019	solid material, dried	methanol (100%)	none	Q Exactive|MS:1002006	electrospray ionization (positive)	reverse phase (C18)	S8-Core-4C-Fri-low	not applicable	not applicable	not applicable	not applicable	not applicable	not applicable	not applicable	2018-11-09	South Africa	Urban	-34.041176; 25.538640	0	MSV000083729_S8-Core-4C-Fri-low	not applicable	not applicable	not applicable	8	Lower	Core-bottom	8	4	Schoenmakerskop	S8-DOM-1-Fri-low	6409030-04
MSV000083729	Stromatolite_Tissue_97_pos.mzXML	environmental	marine_cyanobacteria_insitu	not specified	2019	solid material, dried	methanol (100%)	none	Q Exactive|MS:1002007	electrospray ionization (positive)	reverse phase (C18)	S10-Core-1A-Fri-low	not applicable	not applicable	not applicable	not applicable	not applicable	not applicable	not applicable	2018-11-09	South Africa	Urban	-34.041176; 25.538640	0	MSV000083729_S10-Core-1A-Fri-low	not applicable	not applicable	not applicable	10	Lower	Core-top	10	1	Schoenmakerskop	S10-DOM-1-Fri-low	6409030-04
MSV000083729	Stromatolite_Tissue_98_pos.mzXML	environmental	marine_cyanobacteria_insitu	not specified	2019	solid material, dried	methanol (100%)	none	Q Exactive|MS:1002008	electrospray ionization (positive)	reverse phase (C18)	S10-Core-2A-Fri-low	not applicable	not applicable	not applicable	not applicable	not applicable	not applicable	not applicable	2018-11-09	South Africa	Urban	-34.041176; 25.538640	0	MSV000083729_S10-Core-2A-Fri-low	not applicable	not applicable	not applicable	10	Lower	Core-middle	10	2	Schoenmakerskop	S10-DOM-1-Fri-low	6409030-04
MSV000083729	Stromatolite_Tissue_99_pos.mzXML	environmental	marine_cyanobacteria_insitu	not specified	2019	solid material, dried	methanol (100%)	none	Q Exactive|MS:1002009	electrospray ionization (positive)	reverse phase (C18)	S10-Core-1C-Fri-low	not applicable	not applicable	not applicable	not applicable	not applicable	not applicable	not applicable	2018-11-09	South Africa	Urban	-34.041176; 25.538640	0	MSV000083729_S10-Core-1C-Fri-low	not applicable	not applicable	not applicable	10	Lower	Core-bottom	10	1	Schoenmakerskop	S10-DOM-1-Fri-low	6409030-04
MSV000083729	Stromatolite_Tissue_100_pos.mzXML	environmental	marine_cyanobacteria_insitu	not specified	2019	solid material, dried	methanol (100%)	none	Q Exactive|MS:1002010	electrospray ionization (positive)	reverse phase (C18)	S10-Core-3A-Fri-low	not applicable	not applicable	not applicable	not applicable	not applicable	not applicable	not applicable	2018-11-09	South Africa	Urban	-34.041176; 25.538640	0	MSV000083729_S10-Core-3A-Fri-low	not applicable	not applicable	not applicable	10	Lower	Core-top	10	3	Schoenmakerskop	S10-DOM-1-Fri-low	6409030-04
MSV000083729	Stromatolite_Tissue_101_pos.mzXML	environmental	marine_cyanobacteria_insitu	not specified	2019	solid material, dried	methanol (100%)	none	Q Exactive|MS:1002011	electrospray ionization (positive)	reverse phase (C18)	S10-Core-1B-Fri-low	not applicable	not applicable	not applicable	not applicable	not applicable	not applicable	not applicable	2018-11-09	South Africa	Urban	-34.041176; 25.538640	0	MSV000083729_S10-Core-1B-Fri-low	not applicable	not applicable	not applicable	10	Lower	Core-middle	10	1	Schoenmakerskop	S10-DOM-1-Fri-low	6409030-04
MSV000083729	Stromatolite_Tissue_102_pos.mzXML	environmental	marine_cyanobacteria_insitu	not specified	2019	solid material, dried	methanol (100%)	none	Q Exactive|MS:1002012	electrospray ionization (positive)	reverse phase (C18)	S10-Core-2C-Fri-low	not applicable	not applicable	not applicable	not applicable	not applicable	not applicable	not applicable	2018-11-09	South Africa	Urban	-34.041176; 25.538640	0	MSV000083729_S10-Core-2C-Fri-low	not applicable	not applicable	not applicable	10	Lower	Core-top	10	2	Schoenmakerskop	S10-DOM-1-Fri-low	6409030-04
MSV000083729	Stromatolite_Tissue_103_pos.mzXML	environmental	marine_cyanobacteria_insitu	not specified	2019	solid material, dried	methanol (100%)	none	Q Exactive|MS:1002013	electrospray ionization (positive)	reverse phase (C18)	S10-Core-4A-Fri-low	not applicable	not applicable	not applicable	not applicable	not applicable	not applicable	not applicable	2018-11-09	South Africa	Urban	-34.041176; 25.538640	0	MSV000083729_S10-Core-4A-Fri-low	not applicable	not applicable	not applicable	10	Lower	Core-middle	10	4	Schoenmakerskop	S10-DOM-1-Fri-low	6409030-04
MSV000083729	Stromatolite_Tissue_104_pos.mzXML	environmental	marine_cyanobacteria_insitu	not specified	2019	solid material, dried	methanol (100%)	none	Q Exactive|MS:1002014	electrospray ionization (positive)	reverse phase (C18)	S10-Core-2B-Fri-low	not applicable	not applicable	not applicable	not applicable	not applicable	not applicable	not applicable	2018-11-09	South Africa	Urban	-34.041176; 25.538640	0	MSV000083729_S10-Core-2B-Fri-low	not applicable	not applicable	not applicable	10	Lower	Core-bottom	10	2	Schoenmakerskop	S10-DOM-1-Fri-low	6409030-04
MSV000083729	Stromatolite_Tissue_105_pos.mzXML	environmental	marine_cyanobacteria_insitu	not specified	2019	solid material, dried	methanol (100%)	none	Q Exactive|MS:1002015	electrospray ionization (positive)	reverse phase (C18)	S10-Core-1A-Sat-low	not applicable	not applicable	not applicable	not applicable	not applicable	not applicable	not applicable	2018-11-10	South Africa	Urban	-34.041176; 25.538640	0	MSV000083729_S10-Core-1A-Sat-low	not applicable	not applicable	not applicable	10	Lower	Core-top	10	1	Schoenmakerskop	S10-DOM-1-Sat-low	6409030-04
MSV000083729	Stromatolite_Tissue_106_pos.mzXML	environmental	marine_cyanobacteria_insitu	not specified	2019	solid material, dried	methanol (100%)	none	Q Exactive|MS:1002016	electrospray ionization (positive)	reverse phase (C18)	S10-Core-1B-Sat-low	not applicable	not applicable	not applicable	not applicable	not applicable	not applicable	not applicable	2018-11-10	South Africa	Urban	-34.041176; 25.538640	0	MSV000083729_S10-Core-1B-Sat-low	not applicable	not applicable	not applicable	10	Lower	Core-middle	10	1	Schoenmakerskop	S10-DOM-1-Sat-low	6409030-04
MSV000083729	Stromatolite_Tissue_107_pos.mzXML	environmental	marine_cyanobacteria_insitu	not specified	2019	solid material, dried	methanol (100%)	none	Q Exactive|MS:1002017	electrospray ionization (positive)	reverse phase (C18)	S10-Core-1C-Sat-low	not applicable	not applicable	not applicable	not applicable	not applicable	not applicable	not applicable	2018-11-10	South Africa	Urban	-34.041176; 25.538640	0	MSV000083729_S10-Core-1C-Sat-low	not applicable	not applicable	not applicable	10	Lower	Core-bottom	10	1	Schoenmakerskop	S10-DOM-1-Sat-low	6409030-04
MSV000083729	Stromatolite_Tissue_108_pos.mzXML	environmental	marine_cyanobacteria_insitu	not specified	2019	solid material, dried	methanol (100%)	none	Q Exactive|MS:1002018	electrospray ionization (positive)	reverse phase (C18)	S10-Core-2A-Sat-low	not applicable	not applicable	not applicable	not applicable	not applicable	not applicable	not applicable	2018-11-10	South Africa	Urban	-34.041176; 25.538640	0	MSV000083729_S10-Core-2A-Sat-low	not applicable	not applicable	not applicable	10	Lower	Core-top	10	2	Schoenmakerskop	S10-DOM-1-Sat-low	6409030-04
MSV000083729	Stromatolite_Tissue_109_pos.mzXML	environmental	marine_cyanobacteria_insitu	not specified	2019	solid material, dried	methanol (100%)	none	Q Exactive|MS:1002019	electrospray ionization (positive)	reverse phase (C18)	S10-Core-2B-Sat-low	not applicable	not applicable	not applicable	not applicable	not applicable	not applicable	not applicable	2018-11-10	South Africa	Urban	-34.041176; 25.538640	0	MSV000083729_S10-Core-2B-Sat-low	not applicable	not applicable	not applicable	10	Lower	Core-middle	10	2	Schoenmakerskop	S10-DOM-1-Sat-low	6409030-04
MSV000083729	Stromatolite_Tissue_110_pos.mzXML	environmental	marine_cyanobacteria_insitu	not specified	2019	solid material, dried	methanol (100%)	none	Q Exactive|MS:1002020	electrospray ionization (positive)	reverse phase (C18)	S10-Core-2C-Sat-low	not applicable	not applicable	not applicable	not applicable	not applicable	not applicable	not applicable	2018-11-10	South Africa	Urban	-34.041176; 25.538640	0	MSV000083729_S10-Core-2C-Sat-low	not applicable	not applicable	not applicable	10	Lower	Core-bottom	10	2	Schoenmakerskop	S10-DOM-1-Sat-low	6409030-04
MSV000083729	Stromatolite_Tissue_111_pos.mzXML	environmental	marine_cyanobacteria_insitu	not specified	2019	solid material, dried	methanol (100%)	none	Q Exactive|MS:1002021	electrospray ionization (positive)	reverse phase (C18)	S8-Core-1A-Sat-low	not applicable	not applicable	not applicable	not applicable	not applicable	not applicable	not applicable	2018-11-10	South Africa	Urban	-34.041176; 25.538640	0	MSV000083729_S8-Core-1A-Sat-low	not applicable	not applicable	not applicable	8	Lower	Core-top	8	1	Schoenmakerskop	S8-DOM-1-Sat-low	6409030-04
MSV000083729	Stromatolite_Tissue_112_pos.mzXML	environmental	marine_cyanobacteria_insitu	not specified	2019	solid material, dried	methanol (100%)	none	Q Exactive|MS:1002022	electrospray ionization (positive)	reverse phase (C18)	S8-Core-1B-Sat-low	not applicable	not applicable	not applicable	not applicable	not applicable	not applicable	not applicable	2018-11-10	South Africa	Urban	-34.041176; 25.538640	0	MSV000083729_S8-Core-1B-Sat-low	not applicable	not applicable	not applicable	8	Lower	Core-middle	8	1	Schoenmakerskop	S8-DOM-1-Sat-low	6409030-04
MSV000083729	Stromatolite_Tissue_113_pos.mzXML	environmental	marine_cyanobacteria_insitu	not specified	2019	solid material, dried	methanol (100%)	none	Q Exactive|MS:1002023	electrospray ionization (positive)	reverse phase (C18)	S8-Core-1C-Sat-low	not applicable	not applicable	not applicable	not applicable	not applicable	not applicable	not applicable	2018-11-10	South Africa	Urban	-34.041176; 25.538640	0	MSV000083729_S8-Core-1C-Sat-low	not applicable	not applicable	not applicable	8	Lower	Core-bottom	8	1	Schoenmakerskop	S8-DOM-1-Sat-low	6409030-04
MSV000083729	Stromatolite_Tissue_114_pos.mzXML	environmental	marine_cyanobacteria_insitu	not specified	2019	solid material, dried	methanol (100%)	none	Q Exactive|MS:1002024	electrospray ionization (positive)	reverse phase (C18)	S8-Core-2A-Sat-low	not applicable	not applicable	not applicable	not applicable	not applicable	not applicable	not applicable	2018-11-10	South Africa	Urban	-34.041176; 25.538640	0	MSV000083729_S8-Core-2A-Sat-low	not applicable	not applicable	not applicable	8	Lower	Core-top	8	2	Schoenmakerskop	S8-DOM-1-Sat-low	6409030-04
MSV000083729	Stromatolite_Tissue_115_pos.mzXML	environmental	marine_cyanobacteria_insitu	not specified	2019	solid material, dried	methanol (100%)	none	Q Exactive|MS:1002025	electrospray ionization (positive)	reverse phase (C18)	S8-Core-2B-Sat-low	not applicable	not applicable	not applicable	not applicable	not applicable	not applicable	not applicable	2018-11-10	South Africa	Urban	-34.041176; 25.538640	0	MSV000083729_S8-Core-2B-Sat-low	not applicable	not applicable	not applicable	8	Lower	Core-middle	8	2	Schoenmakerskop	S8-DOM-1-Sat-low	6409030-04
MSV000083729	Stromatolite_Tissue_116_pos.mzXML	environmental	marine_cyanobacteria_insitu	not specified	2019	solid material, dried	methanol (100%)	none	Q Exactive|MS:1002026	electrospray ionization (positive)	reverse phase (C18)	S8-Core-2C-Fri-low	not applicable	not applicable	not applicable	not applicable	not applicable	not applicable	not applicable	2018-11-10	South Africa	Urban	-34.041176; 25.538640	0	MSV000083729_S8-Core-2C-Fri-low	not applicable	not applicable	not applicable	8	Lower	Core-bottom	8	2	Schoenmakerskop	S8-DOM-1-Sat-low	6409030-04
MSV000083729	Stromatolite_Tissue_1A_pos.mzXML	environmental	marine_cyanobacteria_insitu	not specified	2019	solid material, dried	methanol (100%)	none	Q Exactive|MS:1002027	electrospray ionization (positive)	reverse phase (C18)	S3-DeepCore-1A	not applicable	not applicable	not applicable	not applicable	not applicable	not applicable	not applicable	2018-11-10	South Africa	Urban	-34.041176; 25.538640	0	MSV000083729_S3-DeepCore-1A	not applicable	not applicable	not applicable	3	Middle	0-1cm	3	1	Schoenmakerskop	S3-DOM-23-Sat-low	6409030-05
MSV000083729	Stromatolite_Tissue_1B_pos.mzXML	environmental	marine_cyanobacteria_insitu	not specified	2019	solid material, dried	methanol (100%)	none	Q Exactive|MS:1002028	electrospray ionization (positive)	reverse phase (C18)	S3-DeepCore-1B	not applicable	not applicable	not applicable	not applicable	not applicable	not applicable	not applicable	2018-11-10	South Africa	Urban	-34.041176; 25.538640	0	MSV000083729_S3-DeepCore-1B	not applicable	not applicable	not applicable	3	Middle	1-2cm	3	1	Schoenmakerskop	S3-DOM-23-Sat-low	6409030-06
MSV000083729	Stromatolite_Tissue_1C_pos.mzXML	environmental	marine_cyanobacteria_insitu	not specified	2019	solid material, dried	methanol (100%)	none	Q Exactive|MS:1002029	electrospray ionization (positive)	reverse phase (C18)	S3-DeepCore-1C	not applicable	not applicable	not applicable	not applicable	not applicable	not applicable	not applicable	2018-11-10	South Africa	Urban	-34.041176; 25.538640	0	MSV000083729_S3-DeepCore-1C	not applicable	not applicable	not applicable	3	Middle	2-3cm	3	1	Schoenmakerskop	S3-DOM-23-Sat-low	6409030-07
MSV000083729	Stromatolite_Tissue_1D_pos.mzXML	environmental	marine_cyanobacteria_insitu	not specified	2019	solid material, dried	methanol (100%)	none	Q Exactive|MS:1002030	electrospray ionization (positive)	reverse phase (C18)	S3-DeepCore-1D	not applicable	not applicable	not applicable	not applicable	not applicable	not applicable	not applicable	2018-11-10	South Africa	Urban	-34.041176; 25.538640	0	MSV000083729_S3-DeepCore-1D	not applicable	not applicable	not applicable	3	Middle	3-4cm	3	1	Schoenmakerskop	S3-DOM-23-Sat-low	6409030-08
MSV000083729	Stromatolite_Tissue_1E_pos.mzXML	environmental	marine_cyanobacteria_insitu	not specified	2019	solid material, dried	methanol (100%)	none	Q Exactive|MS:1002031	electrospray ionization (positive)	reverse phase (C18)	S3-DeepCore-1E	not applicable	not applicable	not applicable	not applicable	not applicable	not applicable	not applicable	2018-11-10	South Africa	Urban	-34.041176; 25.538640	0	MSV000083729_S3-DeepCore-1E	not applicable	not applicable	not applicable	3	Middle	4-5cm	3	1	Schoenmakerskop	S3-DOM-23-Sat-low	6409030-09
MSV000083729	Stromatolite_Tissue_2A-L_pos.mzXML	environmental	marine_cyanobacteria_insitu	not specified	2019	solid material, dried	methanol (100%)	none	Q Exactive|MS:1002032	electrospray ionization (positive)	reverse phase (C18)	S3-DeepCore-2A-left	not applicable	not applicable	not applicable	not applicable	not applicable	not applicable	not applicable	2018-11-10	South Africa	Urban	-34.041176; 25.538640	0	MSV000083729_S3-DeepCore-2A-left	not applicable	not applicable	not applicable	3	Middle	0-1cm	3	2	Schoenmakerskop	S3-DOM-23-Sat-low	6409030-10
MSV000083729	Stromatolite_Tissue_2B-L_pos.mzXML	environmental	marine_cyanobacteria_insitu	not specified	2019	solid material, dried	methanol (100%)	none	Q Exactive|MS:1002033	electrospray ionization (positive)	reverse phase (C18)	S3-DeepCore-2B-left	not applicable	not applicable	not applicable	not applicable	not applicable	not applicable	not applicable	2018-11-10	South Africa	Urban	-34.041176; 25.538640	0	MSV000083729_S3-DeepCore-2B-left	not applicable	not applicable	not applicable	3	Middle	1-2cm	3	2	Schoenmakerskop	S3-DOM-23-Sat-low	6409030-11
MSV000083729	Stromatolite_Tissue_2C-L_pos.mzXML	environmental	marine_cyanobacteria_insitu	not specified	2019	solid material, dried	methanol (100%)	none	Q Exactive|MS:1002034	electrospray ionization (positive)	reverse phase (C18)	S3-DeepCore-2C-left	not applicable	not applicable	not applicable	not applicable	not applicable	not applicable	not applicable	2018-11-10	South Africa	Urban	-34.041176; 25.538640	0	MSV000083729_S3-DeepCore-2C-left	not applicable	not applicable	not applicable	3	Middle	2-3cm	3	2	Schoenmakerskop	S3-DOM-23-Sat-low	6409030-12
MSV000083729	Stromatolite_Tissue_2D-L_pos.mzXML	environmental	marine_cyanobacteria_insitu	not specified	2019	solid material, dried	methanol (100%)	none	Q Exactive|MS:1002035	electrospray ionization (positive)	reverse phase (C18)	S3-DeepCore-2D-left	not applicable	not applicable	not applicable	not applicable	not applicable	not applicable	not applicable	2018-11-10	South Africa	Urban	-34.041176; 25.538640	0	MSV000083729_S3-DeepCore-2D-left	not applicable	not applicable	not applicable	3	Middle	3-4cm	3	2	Schoenmakerskop	S3-DOM-23-Sat-low	6409030-13
MSV000083729	Stromatolite_Tissue_2E-L_pos.mzXML	environmental	marine_cyanobacteria_insitu	not specified	2019	solid material, dried	methanol (100%)	none	Q Exactive|MS:1002036	electrospray ionization (positive)	reverse phase (C18)	S3-DeepCore-2E-left	not applicable	not applicable	not applicable	not applicable	not applicable	not applicable	not applicable	2018-11-10	South Africa	Urban	-34.041176; 25.538640	0	MSV000083729_S3-DeepCore-2E-left	not applicable	not applicable	not applicable	3	Middle	4-5cm	3	2	Schoenmakerskop	S3-DOM-23-Sat-low	6409030-14
MSV000083729	Stromatolite_Tissue_2A-R_pos.mzXML	environmental	marine_cyanobacteria_insitu	not specified	2019	solid material, dried	methanol (100%)	none	Q Exactive|MS:1002037	electrospray ionization (positive)	reverse phase (C18)	S3-DeepCore-2A-right	not applicable	not applicable	not applicable	not applicable	not applicable	not applicable	not applicable	2018-11-10	South Africa	Urban	-34.041176; 25.538640	0	MSV000083729_S3-DeepCore-2A-right	not applicable	not applicable	not applicable	3	Middle	0-1cm	3	2	Schoenmakerskop	S3-DOM-23-Sat-low	6409030-15
MSV000083729	Stromatolite_Tissue_2B-R_pos.mzXML	environmental	marine_cyanobacteria_insitu	not specified	2019	solid material, dried	methanol (100%)	none	Q Exactive|MS:1002038	electrospray ionization (positive)	reverse phase (C18)	S3-DeepCore-2B-right	not applicable	not applicable	not applicable	not applicable	not applicable	not applicable	not applicable	2018-11-10	South Africa	Urban	-34.041176; 25.538640	0	MSV000083729_S3-DeepCore-2B-right	not applicable	not applicable	not applicable	3	Middle	1-2cm	3	2	Schoenmakerskop	S3-DOM-23-Sat-low	6409030-16
MSV000083729	Stromatolite_Tissue_2C-R_pos.mzXML	environmental	marine_cyanobacteria_insitu	not specified	2019	solid material, dried	methanol (100%)	none	Q Exactive|MS:1002039	electrospray ionization (positive)	reverse phase (C18)	S3-DeepCore-2C-right	not applicable	not applicable	not applicable	not applicable	not applicable	not applicable	not applicable	2018-11-10	South Africa	Urban	-34.041176; 25.538640	0	MSV000083729_S3-DeepCore-2C-right	not applicable	not applicable	not applicable	3	Middle	2-3cm	3	2	Schoenmakerskop	S3-DOM-23-Sat-low	6409030-17
MSV000083729	Stromatolite_Tissue_2D-R_pos.mzXML	environmental	marine_cyanobacteria_insitu	not specified	2019	solid material, dried	methanol (100%)	none	Q Exactive|MS:1002040	electrospray ionization (positive)	reverse phase (C18)	S3-DeepCore-2D-right	not applicable	not applicable	not applicable	not applicable	not applicable	not applicable	not applicable	2018-11-10	South Africa	Urban	-34.041176; 25.538640	0	MSV000083729_S3-DeepCore-2D-right	not applicable	not applicable	not applicable	3	Middle	3-4cm	3	2	Schoenmakerskop	S3-DOM-23-Sat-low	6409030-18
MSV000083729	Stromatolite_Tissue_2E-R_pos.mzXML	environmental	marine_cyanobacteria_insitu	not specified	2019	solid material, dried	methanol (100%)	none	Q Exactive|MS:1002041	electrospray ionization (positive)	reverse phase (C18)	S3-DeepCore-2E-right	not applicable	not applicable	not applicable	not applicable	not applicable	not applicable	not applicable	2018-11-10	South Africa	Urban	-34.041176; 25.538640	0	MSV000083729_S3-DeepCore-2E-right	not applicable	not applicable	not applicable	3	Middle	4-5cm	3	2	Schoenmakerskop	S3-DOM-23-Sat-low	6409030-19
MSV000083729	Stromatolite_SD1_1_pos.mzXML	environmental	marine_cyanobacteria_insitu	not specified	2019	solid material, dried	methanol (100%)	none	Q Exactive|MS:1002042	electrospray ionization (positive)	reverse phase (C18)	S1_1	not applicable	not applicable	not applicable	not applicable	not applicable	not applicable	not applicable	2019-02-20	United States of America	Urban	-34.041176; 25.538640	0	MSV000083729_S1_1	not applicable	not applicable	not applicable	SD	SD	Core-top	not applicable	not applicable	Windansea	not applicable	not applicable
MSV000083729	Stromatolite_SD1_2_pos.mzXML	environmental	marine_cyanobacteria_insitu	not specified	2019	solid material, dried	methanol (100%)	none	Q Exactive|MS:1002043	electrospray ionization (positive)	reverse phase (C18)	S1_2	not applicable	not applicable	not applicable	not applicable	not applicable	not applicable	not applicable	2019-02-20	United States of America	Urban	-34.041176; 25.538640	0	MSV000083729_S1_2	not applicable	not applicable	not applicable	SD	SD	Core-top	not applicable	not applicable	Windansea	not applicable	not applicable
MSV000083729	Stromatolite_SD1_3_pos.mzXML	environmental	marine_cyanobacteria_insitu	not specified	2019	solid material, dried	methanol (100%)	none	Q Exactive|MS:1002044	electrospray ionization (positive)	reverse phase (C18)	S1_3	not applicable	not applicable	not applicable	not applicable	not applicable	not applicable	not applicable	2019-02-20	United States of America	Urban	-34.041176; 25.538640	0	MSV000083729_S1_3	not applicable	not applicable	not applicable	SD	SD	Core-top	not applicable	not applicable	Windansea	not applicable	not applicable
MSV000083729	Stromatolite_SD1_4_pos.mzXML	environmental	marine_cyanobacteria_insitu	not specified	2019	solid material, dried	methanol (100%)	none	Q Exactive|MS:1002045	electrospray ionization (positive)	reverse phase (C18)	S1_4	not applicable	not applicable	not applicable	not applicable	not applicable	not applicable	not applicable	2019-02-20	United States of America	Urban	-34.041176; 25.538640	0	MSV000083729_S1_4	not applicable	not applicable	not applicable	SD	SD	Core-top	not applicable	not applicable	Windansea	not applicable	not applicable
MSV000083729	Stromatolite_SD1_5_pos.mzXML	environmental	marine_cyanobacteria_insitu	not specified	2019	solid material, dried	methanol (100%)	none	Q Exactive|MS:1002046	electrospray ionization (positive)	reverse phase (C18)	S1_5	not applicable	not applicable	not applicable	not applicable	not applicable	not applicable	not applicable	2019-02-20	United States of America	Urban	-34.041176; 25.538640	0	MSV000083729_S1_5	not applicable	not applicable	not applicable	SD	SD	Core-top	not applicable	not applicable	Windansea	not applicable	not applicable
MSV000083729	blank_0.mzXML	blank_analysis	blank_analysis	not applicable	2019	not applicable	methanol (100%)	none	Q Exactive|MS:1001911	electrospray ionization (positive)	reverse phase (C18)	blank_0	not applicable	not applicable	not applicable	not applicable	not applicable	not applicable	not applicable	2019-02-20	United States of America	Urban	-34.041176; 25.538640	0												
MSV000083729	blank_0b.mzXML	blank_analysis	blank_analysis	not applicable	2019	not applicable	methanol (100%)	none	Q Exactive|MS:1001911	electrospray ionization (positive)	reverse phase (C18)	blank_0b	not applicable	not applicable	not applicable	not applicable	not applicable	not applicable	not applicable	2019-02-20	United States of America	Urban	-34.041176; 25.538640	0												
MSV000083729	blank_1.mzXML	blank_analysis	blank_analysis	not applicable	2019	not applicable	methanol (100%)	none	Q Exactive|MS:1001911	electrospray ionization (positive)	reverse phase (C18)	blank_1	not applicable	not applicable	not applicable	not applicable	not applicable	not applicable	not applicable	2019-02-20	United States of America	Urban	-34.041176; 25.538640	0												
MSV000083729	blank_1b.mzXML	blank_analysis	blank_analysis	not applicable	2019	not applicable	methanol (100%)	none	Q Exactive|MS:1001911	electrospray ionization (positive)	reverse phase (C18)	blank_1b	not applicable	not applicable	not applicable	not applicable	not applicable	not applicable	not applicable	2019-02-20	United States of America	Urban	-34.041176; 25.538640	0												
MSV000083729	blank_2.mzXML	blank_analysis	blank_analysis	not applicable	2019	not applicable	methanol (100%)	none	Q Exactive|MS:1001911	electrospray ionization (positive)	reverse phase (C18)	blank_2	not applicable	not applicable	not applicable	not applicable	not applicable	not applicable	not applicable	2019-02-20	United States of America	Urban	-34.041176; 25.538640	0												
MSV000083729	blank_3.mzXML	blank_analysis	blank_analysis	not applicable	2019	not applicable	methanol (100%)	none	Q Exactive|MS:1001911	electrospray ionization (positive)	reverse phase (C18)	blank_3	not applicable	not applicable	not applicable	not applicable	not applicable	not applicable	not applicable	2019-02-20	United States of America	Urban	-34.041176; 25.538640	0												
MSV000083729	blank_4.mzXML	blank_analysis	blank_analysis	not applicable	2019	not applicable	methanol (100%)	none	Q Exactive|MS:1001911	electrospray ionization (positive)	reverse phase (C18)	blank_4	not applicable	not applicable	not applicable	not applicable	not applicable	not applicable	not applicable	2019-02-20	United States of America	Urban	-34.041176; 25.538640	0												
MSV000083729	blank_5.mzXML	blank_analysis	blank_analysis	not applicable	2019	not applicable	methanol (100%)	none	Q Exactive|MS:1001911	electrospray ionization (positive)	reverse phase (C18)	blank_5	not applicable	not applicable	not applicable	not applicable	not applicable	not applicable	not applicable	2019-02-20	United States of America	Urban	-34.041176; 25.538640	0												
MSV000083729	blank_6.mzXML	blank_analysis	blank_analysis	not applicable	2019	not applicable	methanol (100%)	none	Q Exactive|MS:1001911	electrospray ionization (positive)	reverse phase (C18)	blank_6	not applicable	not applicable	not applicable	not applicable	not applicable	not applicable	not applicable	2019-02-20	United States of America	Urban	-34.041176; 25.538640	0												
MSV000083729	blank.mzXML	blank_analysis	blank_analysis	not applicable	2019	not applicable	methanol (100%)	none	Q Exactive|MS:1001911	electrospray ionization (positive)	reverse phase (C18)	blank	not applicable	not applicable	not applicable	not applicable	not applicable	not applicable	not applicable	2019-02-20	United States of America	Urban	-34.041176; 25.538640	0												
	Blank_out.mzXML	blank_analysis	blank_analysis	not applicable	2019	not applicable	methanol (100%)	none	Q Exactive|MS:1001911	electrospray ionization (positive)	reverse phase (C18)																									
	Blank_out2.mzXML	blank_analysis	blank_analysis	not applicable	2019	not applicable	methanol (100%)	none	Q Exactive|MS:1001911	electrospray ionization (positive)	reverse phase (C18)																									
	wash1.mzXML	blank_analysis	blank_analysis	not applicable	2019	not applicable	methanol (100%)	none	Q Exactive|MS:1001911	electrospray ionization (positive)	reverse phase (C18)																									
	wash2.mzXML	blank_analysis	blank_analysis	not applicable	2019	not applicable	methanol (100%)	none	Q Exactive|MS:1001911	electrospray ionization (positive)	reverse phase (C18)																									
	wash3.mzXML	blank_analysis	blank_analysis	not applicable	2019	not applicable	methanol (100%)	none	Q Exactive|MS:1001911	electrospray ionization (positive)	reverse phase (C18)																									
	wash4.mzXML	blank_analysis	blank_analysis	not applicable	2019	not applicable	methanol (100%)	none	Q Exactive|MS:1001911	electrospray ionization (positive)	reverse phase (C18)																									
	wash5.mzXML	blank_analysis	blank_analysis	not applicable	2019	not applicable	methanol (100%)	none	Q Exactive|MS:1001911	electrospray ionization (positive)	reverse phase (C18)																									
	wash6.mzXML	blank_analysis	blank_analysis	not applicable	2019	not applicable	methanol (100%)	none	Q Exactive|MS:1001911	electrospray ionization (positive)	reverse phase (C18)																									